{
  "main": {
    "id": "838d2fbf11243739",
    "type": "split",
    "children": [
      {
        "id": "6ae2474952903d01",
        "type": "tabs",
        "children": [
          {
            "id": "ffc4d2b7b315e163",
            "type": "leaf",
            "state": {
              "type": "markdown",
              "state": {
                "file": "RAG/Nick Saraev  LinkedIn.md",
                "mode": "source",
                "source": false
              },
              "icon": "lucide-file",
              "title": "Nick Saraev  LinkedIn"
            }
          },
          {
            "id": "b5953e46889c0223",
            "type": "leaf",
            "state": {
              "type": "markdown",
              "state": {
                "file": "Airtable Chat Tracking.md",
                "mode": "source",
                "source": false
              },
              "icon": "lucide-file",
              "title": "Airtable Chat Tracking"
            }
          },
          {
            "id": "8ed226690ac2f098",
            "type": "leaf",
            "state": {
              "type": "empty",
              "state": {},
              "icon": "lucide-file",
              "title": "New tab"
            }
          },
          {
            "id": "3cd97e25c7a3acdc",
            "type": "leaf",
            "state": {
              "type": "webviewer",
              "state": {
                "url": "https://chatgpt.com/codex",
                "title": "Codex",
                "mode": "webview"
              },
              "icon": "globe-2",
              "title": "Codex"
            }
          }
        ],
        "currentTab": 3
      }
    ],
    "direction": "vertical"
  },
  "left": {
    "id": "367c1fcbef63d769",
    "type": "split",
    "children": [
      {
        "id": "5ee62df1e3b4f47a",
        "type": "tabs",
        "children": [
          {
            "id": "865a3dc792cb5d22",
            "type": "leaf",
            "state": {
              "type": "file-explorer",
              "state": {
                "sortOrder": "alphabetical",
                "autoReveal": false
              },
              "icon": "lucide-folder-closed",
              "title": "Files"
            }
          },
          {
            "id": "7935ff6f957be63b",
            "type": "leaf",
            "state": {
              "type": "search",
              "state": {
                "query": "",
                "matchingCase": false,
                "explainSearch": false,
                "collapseAll": false,
                "extraContext": false,
                "sortOrder": "alphabetical"
              },
              "icon": "lucide-search",
              "title": "Search"
            }
          },
          {
            "id": "afa30d96eee2bf52",
            "type": "leaf",
            "state": {
              "type": "bookmarks",
              "state": {},
              "icon": "lucide-bookmark",
              "title": "Bookmarks"
            }
          }
        ]
      }
    ],
    "direction": "horizontal",
    "width": 300
  },
  "right": {
    "id": "452c56c4107899ef",
    "type": "split",
    "children": [
      {
        "id": "535bf89704734bb5",
        "type": "tabs",
        "children": [
          {
            "id": "0dea4b705b6f9b26",
            "type": "leaf",
            "state": {
              "type": "backlink",
              "state": {
                "collapseAll": false,
                "extraContext": false,
                "sortOrder": "alphabetical",
                "showSearch": false,
                "searchQuery": "",
                "backlinkCollapsed": false,
                "unlinkedCollapsed": true
              },
              "icon": "links-coming-in",
              "title": "Backlinks"
            }
          },
          {
            "id": "aad9eadf5ac0794e",
            "type": "leaf",
            "state": {
              "type": "outgoing-link",
              "state": {
                "linksCollapsed": false,
                "unlinkedCollapsed": true
              },
              "icon": "links-going-out",
              "title": "Outgoing links"
            }
          },
          {
            "id": "8b1cec58df1ea781",
            "type": "leaf",
            "state": {
              "type": "tag",
              "state": {
                "sortOrder": "frequency",
                "useHierarchy": true,
                "showSearch": false,
                "searchQuery": ""
              },
              "icon": "lucide-tags",
              "title": "Tags"
            }
          },
          {
            "id": "5c02d8d490a74df5",
            "type": "leaf",
            "state": {
              "type": "outline",
              "state": {
                "followCursor": false,
                "showSearch": false,
                "searchQuery": ""
              },
              "icon": "lucide-list",
              "title": "Outline"
            }
          },
          {
            "id": "13ad1e646a7fab48",
            "type": "leaf",
            "state": {
              "type": "webviewer",
              "state": {
                "url": "https://github.com/login",
                "title": "Sign in to GitHub · GitHub",
                "mode": "webview"
              },
              "icon": "globe-2",
              "title": "Sign in to GitHub · GitHub"
            }
          }
        ],
        "currentTab": 4
      }
    ],
    "direction": "horizontal",
    "width": 624.5
  },
  "left-ribbon": {
    "hiddenItems": {
      "switcher:Open quick switcher": false,
      "graph:Open graph view": false,
      "canvas:Create new canvas": false,
      "daily-notes:Open today's daily note": false,
      "templates:Insert template": false,
      "command-palette:Open command palette": false,
      "bases:Create new base": false,
      "workspaces:Manage workspace layouts": false,
      "markdown-importer:Open format converter": false,
      "obsidian-git:Open Git source control": false,
      "table-editor-obsidian:Advanced Tables Toolbar": false,
      "remotely-save:Remotely Save": false
    }
  },
  "active": "13ad1e646a7fab48",
  "lastOpenFiles": [
    "Airtable Chat Tracking.md",
    "RAG/Nick Saraev  LinkedIn.md",
    "RAG/Lasse Flagstad  LinkedIn.md",
    "RAG/Pascal BORNET  LinkedIn.md",
    "RAG/Solomon Christ  LinkedIn.md",
    "RAG/Manthan Patel  LinkedIn.md",
    "RAG/Technical-Content-Library.md",
    "RAG/Lead Magnets",
    "Case Studies/Case-Studies-Archive.md",
    "RAG/README.md",
    "LeadBolt-Knowledge-Base.md",
    "Case Studies"
  ]
}